P_nm,start,end
BL,2022-07-11,2025-07-11
BZ,2022-07-11,2025-07-11
CSDK,2022-07-11,2025-07-11
DD,2022-07-11,2025-07-11
DLYK,2022-07-11,2025-07-11
DTJ,2022-07-11,2025-07-11
GL,2022-07-11,2025-07-11
GT,2022-07-11,2025-07-11
HQL,2022-07-11,2025-07-11
JFDQ,2022-07-11,2025-07-11
JM,2022-07-11,2025-07-11
JTMDQ,2022-07-11,2025-07-11
LC,2022-07-11,2025-07-11
LHS,2022-07-11,2025-07-11
NW,2022-07-11,2025-07-11
PZ,2022-07-11,2025-07-11
STSS,2022-07-11,2025-07-11
WZ,2022-07-11,2025-07-11
XD,2022-07-11,2025-07-11
YA,2022-07-11,2025-07-11
YG,2022-07-11,2025-07-11
ZHDQ,2022-07-11,2025-07-11
ZJK,2022-07-11,2025-07-11
ZSGMT,2022-07-11,2025-07-11
